,training,prediction
mean actual value,0.6534565702790668,0.6640413498355746
mean predicted value,0.4250445049865219,0.4716957305601765
RMSE,2.3922388249426034,0.22018752539214104
