,training,prediction
mean actual value,0.6534565702790668,0.6640413498355746
mean predicted value,0.6347536091011364,0.7156314345902737
RMSE,0.14284464511721964,0.08439704240023294
